person_1,person_2
Mary Miller,Hank Hanover
Hank Hanover,Kevin Miller
Hank Hanover,Nancy Albright
Nancy Albright,Kevin Miller
Nancy Albright,Sam Albright
Nancy Albright,Arthur Abbot
Nancy Albright,Sarah Atkins
Nancy Albright,Homer Atkins
Arthur Abbot,Sarah Atkins
Homer Atkins,Angela Atkins
Sarah Atkins,Homer Atkins
Homer Atkins,Arthur Ah
Arthur Ah,Sarah Atkins
Homer Atkins,Michelle Allen
Michelle Allen,Francis Aguilar
Arthur Ah,Zeb Jordan
Francis Aguilar,Mark Shelley
Zeb Jordan,Mark Shelley
Zeb Jordan,Melvin Ashe
Mark Shelley,Melvin Ashe
Mark Shelley,Andrew O'Reilly
Andrew O'Reilly,Melvin Ashe
Andrew O'Reilly,Winston Allen
Winston Allen,Sam Sutter
Winston Allen,Walter Alex
Sam Sutter,Walter Alex
Sam Albright,Mark Shelley
Sam Albright,Zeb Jordan
Nancy Albright,Melvin Ashe
Zeb Jordan,Hank Hanover
Mark Shelley,Hank Hanover
Melvin Ashe,Hank Hanover
